timestamp,zone1_c,zone2_c,zone3_c,zone1_sp_c,zone2_sp_c,zone3_sp_c,zone1_power_pct,zone2_power_pct,zone3_power_pct,zone1_remote,zone2_remote,zone3_remote,alarm
2026-10-02T15:24:17,23.0,22.0,23.0,0.0,0.0,0.0,0.0,0.0,0.0,0,0,0,
2026-10-02T15:24:19,23.0,22.0,23.0,0.0,0.0,0.0,0.0,0.0,0.0,0,0,0,
2026-10-02T15:24:21,22.0,22.0,23.0,0.0,0.0,0.0,0.0,0.0,0.0,0,0,0,
2026-10-02T15:24:23,22.0,22.0,23.0,0.0,0.0,0.0,0.0,0.0,0.0,0,0,0,
2026-10-02T15:24:25,22.0,22.0,23.0,0.0,0.0,0.0,0.0,0.0,0.0,0,0,0,
2026-10-02T15:24:27,22.0,22.0,23.0,0.0,0.0,0.0,0.0,0.0,0.0,0,0,0,
2026-10-02T15:24:29,22.0,22.0,23.0,0.0,0.0,0.0,0.0,0.0,0.0,0,0,0,
2026-10-02T15:24:31,22.0,22.0,23.0,0.0,0.0,0.0,0.0,0.0,0.0,0,0,0,
2026-10-02T15:24:33,22.0,22.0,23.0,0.0,0.0,0.0,0.0,0.0,0.0,0,0,0,
2026-10-02T15:24:35,22.0,22.0,23.0,0.0,0.0,0.0,0.0,0.0,0.0,0,0,0,
2026-10-02T15:24:37,22.0,22.0,23.0,0.0,0.0,0.0,0.0,0.0,0.0,0,0,0,
2026-10-02T15:24:39,22.0,22.0,23.0,0.0,0.0,0.0,0.0,0.0,0.0,0,0,0,
2026-10-02T15:24:41,22.0,22.0,23.0,0.0,0.0,0.0,0.0,0.0,0.0,0,0,0,
2026-10-02T15:24:43,22.0,22.0,23.0,0.0,0.0,0.0,0.0,0.0,0.0,0,0,0,
2026-10-02T15:24:45,22.0,22.0,23.0,0.0,0.0,0.0,0.0,0.0,0.0,0,0,0,
2026-10-02T15:24:47,22.0,22.0,23.0,0.0,0.0,0.0,0.0,0.0,0.0,0,0,0,
2026-10-02T15:24:49,23.0,22.0,23.0,0.0,0.0,0.0,0.0,0.0,0.0,0,0,0,
2026-10-02T15:24:51,23.0,22.0,23.0,0.0,0.0,0.0,0.0,0.0,0.0,0,0,0,
2026-10-02T15:24:53,23.0,22.0,23.0,0.0,0.0,0.0,0.0,0.0,0.0,0,0,0,
2026-10-02T15:24:55,23.0,22.0,23.0,0.0,0.0,0.0,0.0,0.0,0.0,0,0,0,
2026-10-02T15:24:57,23.0,22.0,23.0,0.0,0.0,0.0,0.0,0.0,0.0,0,0,0,
2026-10-02T15:25:00,23.0,22.0,23.0,0.0,0.0,0.0,0.0,0.0,0.0,0,0,0,
2026-10-02T15:25:02,23.0,22.0,23.0,0.0,0.0,0.0,0.0,0.0,0.0,0,0,0,
2026-10-02T15:25:04,23.0,22.0,23.0,0.0,0.0,0.0,0.0,0.0,0.0,0,0,0,
2026-10-02T15:25:06,23.0,22.0,23.0,0.0,0.0,0.0,0.0,0.0,0.0,0,0,0,
2026-10-02T15:25:08,23.0,22.0,23.0,0.0,0.0,0.0,0.0,0.0,0.0,0,0,0,
2026-10-02T15:25:10,23.0,22.0,23.0,0.0,0.0,0.0,0.0,0.0,0.0,0,0,0,
2026-10-02T15:25:12,23.0,22.0,23.0,0.0,0.0,0.0,0.0,0.0,0.0,0,0,0,
2026-10-02T15:25:14,23.0,22.0,23.0,0.0,0.0,0.0,0.0,0.0,0.0,0,0,0,
2026-10-02T15:25:16,23.0,22.0,23.0,0.0,0.0,0.0,0.0,0.0,0.0,0,0,0,
2026-10-02T15:25:18,23.0,22.0,23.0,0.0,0.0,0.0,0.0,0.0,0.0,0,0,0,
2026-10-02T15:25:20,23.0,22.0,23.0,0.0,0.0,0.0,0.0,0.0,0.0,0,0,0,
2026-10-02T15:25:22,23.0,22.0,23.0,0.0,0.0,0.0,0.0,0.0,0.0,0,0,0,
2026-10-02T15:25:24,23.0,22.0,23.0,0.0,0.0,0.0,0.0,0.0,0.0,0,0,0,
2026-10-02T15:25:26,23.0,22.0,23.0,0.0,0.0,0.0,0.0,0.0,0.0,0,0,0,
2026-10-02T15:25:28,23.0,22.0,23.0,0.0,0.0,0.0,0.0,0.0,0.0,0,0,0,
2026-10-02T15:25:30,23.0,22.0,23.0,0.0,0.0,0.0,0.0,0.0,0.0,0,0,0,
2026-10-02T15:25:32,23.0,22.0,23.0,0.0,0.0,0.0,0.0,0.0,0.0,0,0,0,
2026-10-02T15:25:34,23.0,22.0,23.0,0.0,0.0,0.0,0.0,0.0,0.0,0,0,0,
2026-10-02T15:25:36,23.0,22.0,23.0,0.0,0.0,0.0,0.0,0.0,0.0,0,0,0,
2026-10-02T15:25:38,23.0,23.0,23.0,0.0,0.0,0.0,0.0,0.0,0.0,0,0,0,
2026-10-02T15:25:40,23.0,23.0,23.0,0.0,0.0,0.0,0.0,0.0,0.0,0,0,0,
2026-10-02T15:25:42,23.0,23.0,23.0,0.0,0.0,0.0,0.0,0.0,0.0,0,0,0,
2026-10-02T15:25:44,23.0,23.0,23.0,0.0,0.0,0.0,0.0,0.0,0.0,0,0,0,
2026-10-02T15:25:46,23.0,23.0,23.0,0.0,0.0,0.0,0.0,0.0,0.0,0,0,0,
2026-10-02T15:25:48,23.0,23.0,23.0,0.0,0.0,0.0,0.0,0.0,0.0,0,0,0,
2026-10-02T15:25:50,23.0,23.0,23.0,0.0,0.0,0.0,0.0,0.0,0.0,0,0,0,
2026-10-02T15:25:52,23.0,23.0,23.0,0.0,0.0,0.0,0.0,0.0,0.0,0,0,0,
2026-10-02T15:25:54,23.0,23.0,23.0,0.0,0.0,0.0,0.0,0.0,0.0,0,0,0,
2026-10-02T15:25:56,23.0,23.0,23.0,0.0,0.0,0.0,0.0,0.0,0.0,0,0,0,
2026-10-02T15:25:58,23.0,23.0,23.0,0.0,0.0,0.0,0.0,0.0,0.0,0,0,0,
2026-10-02T15:26:00,23.0,23.0,23.0,0.0,0.0,0.0,0.0,0.0,0.0,0,0,0,
2026-10-02T15:26:02,23.0,23.0,23.0,0.0,0.0,0.0,0.0,0.0,0.0,0,0,0,
2026-10-02T15:26:04,23.0,23.0,23.0,0.0,0.0,0.0,0.0,0.0,0.0,0,0,0,
2026-10-02T15:26:06,23.0,23.0,23.0,0.0,0.0,0.0,0.0,0.0,0.0,0,0,0,
2026-10-02T15:26:08,23.0,23.0,23.0,0.0,0.0,0.0,0.0,0.0,0.0,0,0,0,
2026-10-02T15:26:27,23.0,23.0,23.0,0.0,0.0,0.0,0.0,0.0,0.0,0,0,0,
2026-10-02T15:26:29,23.0,23.0,23.0,0.0,0.0,0.0,0.0,0.0,0.0,0,0,0,
